URL,Product Name,Brand,Sale Price,MRP
https://www.adidas.co.inhttps://www.adidas.co.in/galaxy-6-shoes/GW4131.html,Galaxy 6 Shoes,Adidas,₹2 999.50,"₹5 999.00 
-50%
Discount"
https://www.adidas.co.inhttps://www.adidas.co.in/adilette-comfort-slides/GZ5891.html,Adilette Comfort Slides,Adidas,₹2 759.50,"₹4 599.00 
-40%
Discount"
https://www.adidas.co.inhttps://www.adidas.co.in/adilette-ayoon-slides/GX7064.html,Adilette Ayoon Slides,Adidas,N/A,N/A
https://www.adidas.co.inhttps://www.adidas.co.in/ultraboost-1.0-shoes/HQ4204.html,ULTRABOOST 1.0 SHOES,Adidas,₹5 400.00,"₹17 999.00 
-70%
Discount"
https://www.adidas.co.inhttps://www.adidas.co.in/adilette-shower-slides/GZ5921.html,Adilette Shower Slides,Adidas,₹1 799.50,"₹2 999.00 
-40%
Discount"
https://www.adidas.co.inhttps://www.adidas.co.in/adilette-ayoon-slides/GX1979.html,Adilette Ayoon Slides,Adidas,N/A,N/A
https://www.adidas.co.inhttps://www.adidas.co.in/sl-72-rs-shoes/IG2132.html,SL 72 RS Shoes,Adidas,₹6 999.50,"₹9 999.00 
-30%
Discount"
https://www.adidas.co.inhttps://www.adidas.co.in/adilette-comfort-slides/GZ5896.html,Adilette Comfort Slides,Adidas,N/A,N/A
https://www.adidas.co.inhttps://www.adidas.co.in/aero-vortex-glide-shoes/JK7594.html,Aero Vortex Glide Shoes,Adidas,₹3 499.50,"₹4 999.00 
-30%
Discount"
https://www.adidas.co.inhttps://www.adidas.co.in/duramo-sl-2-shoes/JL2650.html,Duramo SL 2 Shoes,Adidas,₹4 199.50,"₹6 999.00 
-40%
Discount"
https://www.adidas.co.inhttps://www.adidas.co.in/adilette-comfort-slides/JR3282.html,Adilette Comfort Slides,Adidas,N/A,N/A
https://www.adidas.co.inhttps://www.adidas.co.in/sl-72-og-shoes/JQ8376.html,SL 72 OG Shoes,Adidas,₹5 999.50,"₹9 999.00 
-40%
Discount"
https://www.adidas.co.inhttps://www.adidas.co.in/catamountz-slides/JK8127.html,Catamountz Slides,Adidas,₹2 159.50,"₹3 599.00 
-40%
Discount"
https://www.adidas.co.inhttps://www.adidas.co.in/aero-vortex-glide-shoes/JK7593.html,Aero Vortex Glide Shoes,Adidas,₹3 499.50,"₹4 999.00 
-30%
Discount"
https://www.adidas.co.inhttps://www.adidas.co.in/aerozoomxcel-shoes/JK7579.html,AeroZoomXcel Shoes,Adidas,₹3 919.50,"₹5 599.00 
-30%
Discount"
https://www.adidas.co.inhttps://www.adidas.co.in/duramo-sl-2-shoes/JL2651.html,Duramo SL 2 Shoes,Adidas,₹4 199.50,"₹6 999.00 
-40%
Discount"
https://www.adidas.co.inhttps://www.adidas.co.in/barreda-decode-shoes/JR3545.html,Barreda Decode Shoes,Adidas,₹5 159.50,"₹8 599.00 
-40%
Discount"
https://www.adidas.co.inhttps://www.adidas.co.in/cricket-triumph-shoes/JK7461.html,Cricket Triumph Shoes,Adidas,₹2 759.50,"₹4 599.00 
-40%
Discount"
https://www.adidas.co.inhttps://www.adidas.co.in/aerovortexglide-shoes/JK7592.html,AeroVortexGlide Shoes,Adidas,₹3 499.50,"₹4 999.00 
-30%
Discount"
https://www.adidas.co.inhttps://www.adidas.co.in/adilette-ayoon-slides/GV9536.html,Adilette Ayoon Slides,Adidas,₹2 749.50,"₹4 999.00 
-45%
Discount"
https://www.adidas.co.inhttps://www.adidas.co.in/duramo-speed-2-shoes/JL2657.html,Duramo Speed 2 Shoes,Adidas,₹5 399.50,"₹8 999.00 
-40%
Discount"
https://www.adidas.co.inhttps://www.adidas.co.in/duramo-speed-2-shoes/JL2656.html,Duramo Speed 2 Shoes,Adidas,₹5 399.50,"₹8 999.00 
-40%
Discount"
https://www.adidas.co.inhttps://www.adidas.co.in/aero-turbo-thrive-shoes/JK7234.html,Aero Turbo Thrive Shoes,Adidas,₹3 499.50,"₹4 999.00 
-30%
Discount"
https://www.adidas.co.inhttps://www.adidas.co.in/sl-72-og-shoes/JR1640.html,SL 72 OG Shoes,Adidas,₹6 599.50,"₹10 999.00 
-40%
Discount"
https://www.adidas.co.inhttps://www.adidas.co.in/predator-league-fold-over-tongue-firm-multi-ground-boots/JI1112.html,Predator League Fold-Over Tongue Firm/Multi-Ground Boots,Adidas,₹5 999.50,"₹9 999.00 
-40%
Discount"
https://www.adidas.co.inhttps://www.adidas.co.in/dropset-3-training-shoes/ID8633.html,Dropset 3 Training Shoes,Adidas,₹7 799.50,"₹12 999.00 
-40%
Discount"
https://www.adidas.co.inhttps://www.adidas.co.in/adilette-shower-slides/GZ5922.html,Adilette Shower Slides,Adidas,₹1 799.50,"₹2 999.00 
-40%
Discount"
https://www.adidas.co.inhttps://www.adidas.co.in/up23-cricket-shoes/JK0174.html,UP23 Cricket Shoes,Adidas,₹2 879.50,"₹4 799.00 
-40%
Discount"
https://www.adidas.co.inhttps://www.adidas.co.in/aerorushrise-shoes/JK7239.html,AeroRushRise Shoes,Adidas,₹3 499.50,"₹4 999.00 
-30%
Discount"
https://www.adidas.co.inhttps://www.adidas.co.in/grand-court-2.0-shoes/GW9215.html,GRAND COURT 2.0 SHOES,Adidas,₹5 599.50,"₹7 999.00 
-30%
Discount"
https://www.adidas.co.inhttps://www.adidas.co.in/aerozoomxcel-shoes/JK7582.html,AeroZoomXcel Shoes,Adidas,₹3 919.50,"₹5 599.00 
-30%
Discount"
https://www.adidas.co.inhttps://www.adidas.co.in/dropset-3-training-shoes/JR1666.html,Dropset 3 Training Shoes,Adidas,₹7 799.50,"₹12 999.00 
-40%
Discount"
https://www.adidas.co.inhttps://www.adidas.co.in/breezen-sandals/JK8099.html,BREEZEN Sandals,Adidas,₹1 799.50,"₹2 999.00 
-40%
Discount"
https://www.adidas.co.inhttps://www.adidas.co.in/forty-ninerz-sneakers/JK8301.html,Forty Ninerz Sneakers,Adidas,₹2 999.50,"₹4 999.00 
-40%
Discount"
https://www.adidas.co.inhttps://www.adidas.co.in/crinu-24-cricket-shoes/JK7453.html,CRINU 24 Cricket Shoes,Adidas,₹2 879.50,"₹4 799.00 
-40%
Discount"
https://www.adidas.co.inhttps://www.adidas.co.in/predator-sala-shoes/JQ3916.html,Predator Sala Shoes,Adidas,₹7 199.50,"₹11 999.00 
-40%
Discount"
https://www.adidas.co.inhttps://www.adidas.co.in/run-60s-3.0-ikd-shoes/JL2237.html,Run 60s 3.0 IKD Shoes,Adidas,₹3 599.50,"₹5 999.00 
-40%
Discount"
https://www.adidas.co.inhttps://www.adidas.co.in/acteve-comfort-on-slides/JK8121.html,Acteve Comfort On Slides,Adidas,₹2 279.50,"₹3 799.00 
-40%
Discount"
https://www.adidas.co.inhttps://www.adidas.co.in/yard-cricket-shoes/JK0165.html,Yard Cricket Shoes,Adidas,₹2 579.50,"₹4 299.00 
-40%
Discount"
https://www.adidas.co.inhttps://www.adidas.co.in/yard-cricket-shoes/JK0164.html,Yard Cricket Shoes,Adidas,₹2 579.50,"₹4 299.00 
-40%
Discount"
https://www.adidas.co.inhttps://www.adidas.co.in/aero-turbo-thrive-shoes/JK7235.html,Aero Turbo Thrive Shoes,Adidas,₹2 999.50,"₹4 999.00 
-40%
Discount"
https://www.adidas.co.inhttps://www.adidas.co.in/forty-ninerz-sneakers/JK8300.html,Forty Ninerz Sneakers,Adidas,₹2 999.50,"₹4 999.00 
-40%
Discount"
https://www.adidas.co.inhttps://www.adidas.co.in/superstar-ii-shoes/JH7756.html,Superstar II Shoes,Adidas,₹7 199.50,"₹11 999.00 
-40%
Discount"
https://www.adidas.co.inhttps://www.adidas.co.in/adilette-comfort-slides/JR9229.html,Adilette Comfort Slides,Adidas,₹2 759.50,"₹4 599.00 
-40%
Discount"
https://www.adidas.co.inhttps://www.adidas.co.in/duramo-sl2-shoes/JL2649.html,Duramo SL2 Shoes,Adidas,₹4 199.50,"₹6 999.00 
-40%
Discount"
https://www.adidas.co.inhttps://www.adidas.co.in/dashjazz-shoes/JJ5443.html,DashJazz Shoes,Adidas,₹3 179.50,"₹5 299.00 
-40%
Discount"
https://www.adidas.co.inhttps://www.adidas.co.in/predator-league-fold-over-tongue-firm-multi-ground-boots/JI1111.html,Predator League Fold-Over Tongue Firm/Multi-Ground Boots,Adidas,₹5 999.50,"₹9 999.00 
-40%
Discount"
https://www.adidas.co.inhttps://www.adidas.co.in/copa-pure-3-league-firm-multi-ground-boots/JH6300.html,Copa Pure 3 League Firm/Multi-Ground Boots,Adidas,₹5 159.50,"₹8 599.00 
-40%
Discount"
https://www.adidas.co.inhttps://www.adidas.co.in/cricket-triumph-shoes/JK7459.html,Cricket Triumph Shoes,Adidas,₹2 759.50,"₹4 599.00 
-40%
Discount"
https://www.adidas.co.inhttps://www.adidas.co.in/sl-72-og-shoes/JS3978.html,SL 72 OG Shoes,Adidas,₹6 599.50,"₹10 999.00 
-40%
Discount"
https://www.adidas.co.inhttps://www.adidas.co.in/meridian-flip-flops/JK8102.html,Meridian Flip Flops,Adidas,₹1 799.50,"₹2 999.00 
-40%
Discount"
https://www.adidas.co.inhttps://www.adidas.co.in/supernova-rise-2-running-shoes/JS3047.html,Supernova Rise 2 Running Shoes,Adidas,₹8 999.50,"₹14 999.00 
-40%
Discount"
https://www.adidas.co.inhttps://www.adidas.co.in/nu23-cricket-shoes/JK0171.html,NU23 Cricket Shoes,Adidas,₹2 999.50,"₹4 999.00 
-40%
Discount"
https://www.adidas.co.inhttps://www.adidas.co.in/adilette-comfort-slides/ID3406.html,Adilette Comfort Slides,Adidas,N/A,N/A
https://www.adidas.co.inhttps://www.adidas.co.in/aerozoomxcel-shoes/JK7580.html,AeroZoomXcel Shoes,Adidas,₹3 919.50,"₹5 599.00 
-30%
Discount"
https://www.adidas.co.inhttps://www.adidas.co.in/adilette-comfort-slides/H03616.html,Adilette Comfort Slides,Adidas,₹3 219.50,"₹4 599.00 
-30%
Discount"
https://www.adidas.co.inhttps://www.adidas.co.in/predator-league-firm-multi-ground-boots/JI1117.html,Predator League Firm/Multi-Ground Boots,Adidas,₹5 399.50,"₹8 999.00 
-40%
Discount"
https://www.adidas.co.inhttps://www.adidas.co.in/predator-league-firm-multi-ground-boots/JI1115.html,Predator League Firm/Multi-Ground Boots,Adidas,₹5 399.50,"₹8 999.00 
-40%
Discount"
https://www.adidas.co.inhttps://www.adidas.co.in/drop-step-low-2.0-ikd-shoes/KK6400.html,Drop Step Low 2.0 IKD Shoes,Adidas,₹4 799.50,"₹7 999.00 
-40%
Discount"
https://www.adidas.co.inhttps://www.adidas.co.in/runfalcon-3.0-shoes/IE0744.html,Runfalcon 3.0 Shoes,Adidas,N/A,N/A
https://www.adidas.co.inhttps://www.adidas.co.in/hoops-4.0-ikd-shoes/KK6408.html,Hoops 4.0 IKD Shoes,Adidas,₹3 959.50,"₹6 599.00 
-40%
Discount"
https://www.adidas.co.inhttps://www.adidas.co.in/nu24-cricket-shoes/JK0177.html,NU24 Cricket Shoes,Adidas,₹2 879.50,"₹4 799.00 
-40%
Discount"
https://www.adidas.co.inhttps://www.adidas.co.in/drumlin-shoes/JK7711.html,DRUMLIN Shoes,Adidas,₹2 759.50,"₹4 599.00 
-40%
Discount"
https://www.adidas.co.inhttps://www.adidas.co.in/nu24-cricket-shoes/JK0176.html,NU24 Cricket Shoes,Adidas,₹2 879.50,"₹4 799.00 
-40%
Discount"
https://www.adidas.co.inhttps://www.adidas.co.in/superstar-ii-shoes/JQ3216.html,SUPERSTAR II shoes,Adidas,₹7 199.50,"₹11 999.00 
-40%
Discount"
https://www.adidas.co.inhttps://www.adidas.co.in/ultraboost-5-shoes/JQ2911.html,Ultraboost 5 Shoes,Adidas,₹10 799.50,"₹17 999.00 
-40%
Discount"
https://www.adidas.co.inhttps://www.adidas.co.in/indoor-reel-shoes/JK7671.html,Indoor Reel Shoes,Adidas,₹3 359.50,"₹5 599.00 
-40%
Discount"
https://www.adidas.co.inhttps://www.adidas.co.in/superstar-ii-shoes/JH7006.html,Superstar II Shoes,Adidas,₹5 999.50,"₹9 999.00 
-40%
Discount"
https://www.adidas.co.inhttps://www.adidas.co.in/aeroblitzstep-shoes/JK7584.html,AeroBlitzStep Shoes,Adidas,₹3 709.50,"₹5 299.00 
-30%
Discount"
https://www.adidas.co.inhttps://www.adidas.co.in/dash-smooth-shoes/JK0871.html,Dash-Smooth Shoes,Adidas,₹2 999.50,"₹4 999.00 
-40%
Discount"
https://www.adidas.co.inhttps://www.adidas.co.in/aero-blaze-burst-shoes/JK7596.html,Aero Blaze Burst Shoes,Adidas,₹3 499.50,"₹4 999.00 
-30%
Discount"
https://www.adidas.co.inhttps://www.adidas.co.in/aero-blaze-burst-shoes/JK7595.html,Aero Blaze Burst Shoes,Adidas,₹3 499.50,"₹4 999.00 
-30%
Discount"
https://www.adidas.co.inhttps://www.adidas.co.in/galaxy-6-shoes/IE8150.html,Galaxy 6 Shoes,Adidas,N/A,N/A
https://www.adidas.co.inhttps://www.adidas.co.in/duramo-speed-2-ikd-shoes/KL1713.html,Duramo Speed 2 IKD Shoes,Adidas,₹5 399.50,"₹8 999.00 
-40%
Discount"
https://www.adidas.co.inhttps://www.adidas.co.in/dropset-3-training-shoes/JR1676.html,Dropset 3 Training Shoes,Adidas,₹7 799.50,"₹12 999.00 
-40%
Discount"
https://www.adidas.co.inhttps://www.adidas.co.in/sl72-og-shoes/JR1639.html,Sl72 OG Shoes,Adidas,₹7 199.50,"₹11 999.00 
-40%
Discount"
https://www.adidas.co.inhttps://www.adidas.co.in/sl-72-og-shoes/JR4229.html,SL 72 OG Shoes,Adidas,₹5 999.50,"₹9 999.00 
-40%
Discount"
https://www.adidas.co.inhttps://www.adidas.co.in/galaxy-6-shoes/GW3847.html,Galaxy 6 Shoes,Adidas,₹4 199.50,"₹5 999.00 
-30%
Discount"
https://www.adidas.co.inhttps://www.adidas.co.in/switch-move-running-shoes/IH6045.html,Switch Move Running Shoes,Adidas,₹3 599.50,"₹5 999.00 
-40%
Discount"
https://www.adidas.co.inhttps://www.adidas.co.in/dropset-3-training-shoes/JR1677.html,Dropset 3 Training Shoes,Adidas,₹7 799.50,"₹12 999.00 
-40%
Discount"
https://www.adidas.co.inhttps://www.adidas.co.in/dropset-2-training-shoes/ID4957.html,Dropset 2 Training Shoes,Adidas,₹7 799.50,"₹12 999.00 
-40%
Discount"
https://www.adidas.co.inhttps://www.adidas.co.in/runmet-shoes/JK1232.html,Runmet Shoes,Adidas,₹3 599.50,"₹5 999.00 
-40%
Discount"
https://www.adidas.co.inhttps://www.adidas.co.in/run-60s-3.0-ikd-shoes/JL2234.html,Run 60s 3.0 IKD Shoes,Adidas,₹3 599.50,"₹5 999.00 
-40%
Discount"
https://www.adidas.co.inhttps://www.adidas.co.in/indoor-reel-shoes/JK7672.html,Indoor Reel Shoes,Adidas,₹3 359.50,"₹5 599.00 
-40%
Discount"
https://www.adidas.co.inhttps://www.adidas.co.in/meridian-flip-flops/JK8101.html,Meridian Flip Flops,Adidas,₹1 799.50,"₹2 999.00 
-40%
Discount"
https://www.adidas.co.inhttps://www.adidas.co.in/copa-pure-3-league-firm-multi-ground-boots/JH6298.html,Copa Pure 3 League Firm/Multi-Ground Boots,Adidas,₹5 159.50,"₹8 599.00 
-40%
Discount"
https://www.adidas.co.inhttps://www.adidas.co.in/predator-sala-shoes/JQ3915.html,Predator Sala Shoes,Adidas,₹7 199.50,"₹11 999.00 
-40%
Discount"
https://www.adidas.co.inhttps://www.adidas.co.in/f50-club-turf-boots/JI0026.html,F50 Club Turf Boots,Adidas,₹3 599.50,"₹5 999.00 
-40%
Discount"
https://www.adidas.co.inhttps://www.adidas.co.in/adilette-comfort-slides/JI4729.html,Adilette Comfort Slides,Adidas,₹2 759.50,"₹4 599.00 
-40%
Discount"
https://www.adidas.co.inhttps://www.adidas.co.in/cush-walk-shoes/JK8188.html,Cush Walk Shoes,Adidas,₹2 399.50,"₹3 999.00 
-40%
Discount"
https://www.adidas.co.inhttps://www.adidas.co.in/predator-club-firm-multi-ground-boots/JH8847.html,Predator Club Firm/Multi-Ground Boots,Adidas,₹3 599.50,"₹5 999.00 
-40%
Discount"
https://www.adidas.co.inhttps://www.adidas.co.in/contaro-ms-sandals/JK8115.html,CONTARO Ms Sandals,Adidas,₹1 199.50,"₹1 999.00 
-40%
Discount"
https://www.adidas.co.inhttps://www.adidas.co.in/adistar-4-running-shoes/JR0287.html,Adistar 4 Running Shoes,Adidas,₹8 399.50,"₹13 999.00 
-40%
Discount"
https://www.adidas.co.inhttps://www.adidas.co.in/copa-pure-3-league-firm-multi-ground-boots/JH6299.html,Copa Pure 3 League Firm/Multi-Ground Boots,Adidas,₹5 159.50,"₹8 599.00 
-40%
Discount"
https://www.adidas.co.inhttps://www.adidas.co.in/rayrun-shoes/IQ9113.html,RAYRUN SHOES,Adidas,₹3 219.50,"₹4 599.00 
-30%
Discount"
https://www.adidas.co.inhttps://www.adidas.co.in/predator-league-turf-boots/JI1132.html,Predator League Turf Boots,Adidas,₹5 399.50,"₹8 999.00 
-40%
Discount"
https://www.adidas.co.inhttps://www.adidas.co.in/fauxx-run-shoes/JK2381.html,Fauxx Run Shoes,Adidas,₹2 999.50,"₹4 999.00 
-40%
Discount"
https://www.adidas.co.inhttps://www.adidas.co.in/superstar-ii-shoes/JR4234.html,Superstar II Shoes,Adidas,₹7 199.50,"₹11 999.00 
-40%
Discount"
https://www.adidas.co.inhttps://www.adidas.co.in/sl-72-og-shoes/JR4230.html,SL 72 OG Shoes,Adidas,₹5 999.50,"₹9 999.00 
-40%
Discount"
https://www.adidas.co.inhttps://www.adidas.co.in/aeroblitzstep-shoes/JK7585.html,AeroBlitzStep Shoes,Adidas,₹3 709.50,"₹5 299.00 
-30%
Discount"
https://www.adidas.co.inhttps://www.adidas.co.in/adissage-slides/F35579.html,Adissage Slides,Adidas,₹900.00,"₹2 999.00 
-70%
Discount"
https://www.adidas.co.inhttps://www.adidas.co.in/duramo-sl2-shoes/KL1714.html,Duramo SL2 Shoes,Adidas,₹4 199.50,"₹6 999.00 
-40%
Discount"
https://www.adidas.co.inhttps://www.adidas.co.in/ablaze-acer-shoes/JK7105.html,Ablaze Acer Shoes,Adidas,₹2 999.50,"₹4 999.00 
-40%
Discount"
https://www.adidas.co.inhttps://www.adidas.co.in/aero-sprint-spark-shoes/JK7556.html,Aero Sprint Spark Shoes,Adidas,₹2 879.50,"₹4 799.00 
-40%
Discount"
https://www.adidas.co.inhttps://www.adidas.co.in/aero-rush-rise-shoes/JK7237.html,Aero Rush Rise Shoes,Adidas,₹2 999.50,"₹4 999.00 
-40%
Discount"
https://www.adidas.co.inhttps://www.adidas.co.in/adilette-comfort-slides/ID3402.html,Adilette Comfort Slides,Adidas,₹2 759.50,"₹4 599.00 
-40%
Discount"
https://www.adidas.co.inhttps://www.adidas.co.in/drumlin-shoes/JK7709.html,DRUMLIN Shoes,Adidas,₹2 759.50,"₹4 599.00 
-40%
Discount"
https://www.adidas.co.inhttps://www.adidas.co.in/aero-turbo-thrive-shoes/JK7236.html,Aero Turbo Thrive Shoes,Adidas,₹3 499.50,"₹4 999.00 
-30%
Discount"
https://www.adidas.co.inhttps://www.adidas.co.in/aeroblitzstep-shoes/JK7583.html,AeroBlitzStep Shoes,Adidas,₹3 709.50,"₹5 299.00 
-30%
Discount"
https://www.adidas.co.inhttps://www.adidas.co.in/predator-league-turf-boots/JI1133.html,Predator League Turf Boots,Adidas,₹5 399.50,"₹8 999.00 
-40%
Discount"
https://www.adidas.co.inhttps://www.adidas.co.in/superstar-ii-shoes/JI0081.html,Superstar II Shoes,Adidas,₹5 999.50,"₹9 999.00 
-40%
Discount"
https://www.adidas.co.inhttps://www.adidas.co.in/predator-sala-shoes/JQ3917.html,Predator Sala Shoes,Adidas,₹7 199.50,"₹11 999.00 
-40%
Discount"
https://www.adidas.co.inhttps://www.adidas.co.in/gazelle-indoor-shoes/JS1406.html,Gazelle Indoor Shoes,Adidas,₹7 199.50,"₹11 999.00 
-40%
Discount"
https://www.adidas.co.inhttps://www.adidas.co.in/mercedes---amg-petronas-formula-one-team-barreda-decode-shoes/JR1062.html,MERCEDES - AMG PETRONAS FORMULA ONE TEAM BARREDA DECODE SHOES,Adidas,₹5 399.50,"₹8 999.00 
-40%
Discount"
https://www.adidas.co.inhttps://www.adidas.co.in/superstar-ii-shoes/JQ6468.html,Superstar II Shoes,Adidas,₹7 199.50,"₹11 999.00 
-40%
Discount"
https://www.adidas.co.inhttps://www.adidas.co.in/grand-court-td-lifestyle-court-casual-shoes/GW9263.html,Grand Court TD Lifestyle Court Casual Shoes,Adidas,₹3 959.50,"₹6 599.00 
-40%
Discount"
https://www.adidas.co.inhttps://www.adidas.co.in/adilette-aqua-slides/GZ1153.html,Adilette Aqua Slides,Adidas,₹1 499.50,"₹2 499.00 
-40%
Discount"
https://www.adidas.co.inhttps://www.adidas.co.in/adilette-lite-slides/JQ6453.html,Adilette Lite Slides,Adidas,₹1 799.50,"₹2 999.00 
-40%
Discount"
https://www.adidas.co.inhttps://www.adidas.co.in/ultraboost-5-shoes/JQ2916.html,Ultraboost 5 Shoes,Adidas,₹10 799.50,"₹17 999.00 
-40%
Discount"
https://www.adidas.co.inhttps://www.adidas.co.in/copa-pure-3-club-firm-multi-ground-boots/JR2896.html,Copa Pure 3 Club Firm/Multi-Ground Boots,Adidas,₹3 359.50,"₹5 599.00 
-40%
Discount"
https://www.adidas.co.inhttps://www.adidas.co.in/copa-pure-3-club-firm-multi-ground-boots/JR2898.html,Copa Pure 3 Club Firm/Multi-Ground Boots,Adidas,₹3 359.50,"₹5 599.00 
-40%
Discount"
https://www.adidas.co.inhttps://www.adidas.co.in/gamecourt-2.0-tennis-shoes/ID1494.html,Gamecourt 2.0 Tennis Shoes,Adidas,₹3 849.50,"₹6 999.00 
-45%
Discount"
https://www.adidas.co.inhttps://www.adidas.co.in/adilette-shower-slides/JP5191.html,Adilette Shower Slides,Adidas,₹2 159.50,"₹3 599.00 
-40%
Discount"
https://www.adidas.co.inhttps://www.adidas.co.in/everyset-training-shoes/IF3199.html,Everyset Training Shoes,Adidas,₹5 399.50,"₹8 999.00 
-40%
Discount"
https://www.adidas.co.inhttps://www.adidas.co.in/response-runner-shoes/JR8058.html,Response Runner Shoes,Adidas,₹3 359.50,"₹5 599.00 
-40%
Discount"
https://www.adidas.co.inhttps://www.adidas.co.in/mercedes---amg-petronas-formula-one-team-lightblaze-shoes/JQ7132.html,Mercedes - AMG Petronas Formula One Team Lightblaze Shoes,Adidas,₹6 599.50,"₹10 999.00 
-40%
Discount"
https://www.adidas.co.inhttps://www.adidas.co.in/avaflash-low-tennis-shoes/IG9543.html,Avaflash Low Tennis Shoes,Adidas,₹3 200.00,"₹7 999.00 
-60%
Discount"
https://www.adidas.co.inhttps://www.adidas.co.in/defiant-speed-2-tennis-shoes/JQ6350.html,Defiant Speed 2 Tennis Shoes,Adidas,₹7 199.50,"₹11 999.00 
-40%
Discount"
https://www.adidas.co.inhttps://www.adidas.co.in/aero-rush-rise-shoes/JK7238.html,Aero Rush Rise Shoes,Adidas,₹2 999.50,"₹4 999.00 
-40%
Discount"
https://www.adidas.co.inhttps://www.adidas.co.in/run-60s-3.0-ikd-shoes/JL2235.html,Run 60s 3.0 IKD Shoes,Adidas,₹3 599.50,"₹5 999.00 
-40%
Discount"
https://www.adidas.co.inhttps://www.adidas.co.in/lightblaze-glow-shoes/JP6328.html,Lightblaze Glow Shoes,Adidas,₹7 199.50,"₹11 999.00 
-40%
Discount"
https://www.adidas.co.inhttps://www.adidas.co.in/aquo-slip-on-slides/JK8066.html,Aquo Slip On Slides,Adidas,₹959.50,"₹1 599.00 
-40%
Discount"
https://www.adidas.co.inhttps://www.adidas.co.in/tennis-wiz-shoes/JK1205.html,Tennis WIZ Shoes,Adidas,₹2 879.50,"₹4 799.00 
-40%
Discount"
https://www.adidas.co.inhttps://www.adidas.co.in/runmet-shoes/JK1231.html,Runmet Shoes,Adidas,₹3 599.50,"₹5 999.00 
-40%
Discount"
https://www.adidas.co.inhttps://www.adidas.co.in/aeroblitzstep-shoes/JK7586.html,AeroBlitzStep Shoes,Adidas,₹3 709.50,"₹5 299.00 
-30%
Discount"
https://www.adidas.co.inhttps://www.adidas.co.in/kinkox-2.0-sandals/JK8106.html,Kinkox 2.0 Sandals,Adidas,₹1 749.50,"₹2 499.00 
-30%
Discount"
https://www.adidas.co.inhttps://www.adidas.co.in/aero-blaze-burst-shoes/JK7598.html,Aero Blaze Burst Shoes,Adidas,₹2 999.50,"₹4 999.00 
-40%
Discount"
https://www.adidas.co.inhttps://www.adidas.co.in/dash-smooth-shoes/JK0872.html,Dash-Smooth Shoes,Adidas,₹2 999.50,"₹4 999.00 
-40%
Discount"
https://www.adidas.co.inhttps://www.adidas.co.in/dash-smooth-shoes/JK0874.html,Dash-Smooth Shoes,Adidas,₹2 999.50,"₹4 999.00 
-40%
Discount"
https://www.adidas.co.inhttps://www.adidas.co.in/supernova-ease-shoes/IH0800.html,Supernova Ease Shoes,Adidas,₹5 999.50,"₹9 999.00 
-40%
Discount"
https://www.adidas.co.inhttps://www.adidas.co.in/adilette-lite-slides/JQ6451.html,Adilette Lite Slides,Adidas,₹1 799.50,"₹2 999.00 
-40%
Discount"
https://www.adidas.co.inhttps://www.adidas.co.in/adifom-iiinfinity-slides/JQ2637.html,Adifom Iiinfinity Slides,Adidas,₹2 759.50,"₹4 599.00 
-40%
Discount"
https://www.adidas.co.inhttps://www.adidas.co.in/duramo-sl-wide-running-lightmotion-shoes/IF9905.html,Duramo SL Wide Running Lightmotion Shoes,Adidas,₹3 959.50,"₹6 599.00 
-40%
Discount"
https://www.adidas.co.inhttps://www.adidas.co.in/superstar-ii-shoes/JI3538.html,Superstar II Shoes,Adidas,₹7 799.50,"₹12 999.00 
-40%
Discount"
https://www.adidas.co.inhttps://www.adidas.co.in/aero-vortex-glide-shoes/JK7591.html,Aero Vortex Glide Shoes,Adidas,₹3 499.50,"₹4 999.00 
-30%
Discount"
https://www.adidas.co.inhttps://www.adidas.co.in/response-runner-shoes/IH6100.html,Response Runner Shoes,Adidas,₹3 359.50,"₹5 599.00 
-40%
Discount"
https://www.adidas.co.inhttps://www.adidas.co.in/cush-walk-shoes/JK2273.html,Cush-Walk Shoes,Adidas,₹2 399.50,"₹3 999.00 
-40%
Discount"
https://www.adidas.co.inhttps://www.adidas.co.in/adidas-feroza-base-mercedes-amg-petronas-f1-team-shoes/JQ3273.html,ADIDAS FEROZA BASE MERCEDES AMG PETRONAS F1 TEAM SHOES,Adidas,₹5 399.50,"₹8 999.00 
-40%
Discount"
https://www.adidas.co.inhttps://www.adidas.co.in/zero-halo-shoes/JS4282.html,Zero Halo Shoes,Adidas,₹4 559.50,"₹7 599.00 
-40%
Discount"
https://www.adidas.co.inhttps://www.adidas.co.in/copa-pure-3-club-turf-boots/JR2894.html,Copa Pure 3 Club Turf Boots,Adidas,₹3 359.50,"₹5 599.00 
-40%
Discount"
https://www.adidas.co.inhttps://www.adidas.co.in/duramo-rc2-running-shoes/JS4432.html,Duramo RC2 Running Shoes,Adidas,₹3 919.50,"₹5 599.00 
-30%
Discount"
https://www.adidas.co.inhttps://www.adidas.co.in/cush-up-shoes/JK2276.html,Cush-UP Shoes,Adidas,₹2 279.50,"₹3 799.00 
-40%
Discount"
https://www.adidas.co.inhttps://www.adidas.co.in/breaknet-sleek-ikd-shoes/JL2218.html,Breaknet Sleek IKD Shoes,Adidas,N/A,N/A
https://www.adidas.co.inhttps://www.adidas.co.in/base-x-w-shoes/JK7158.html,Base X W Shoes,Adidas,₹2 159.50,"₹3 599.00 
-40%
Discount"
https://www.adidas.co.inhttps://www.adidas.co.in/salon-maxeez-flip-flops/JK2181.html,Salon Maxeez Flip Flops,Adidas,N/A,N/A
https://www.adidas.co.inhttps://www.adidas.co.in/superstar-ii-shoes/JP8159.html,Superstar II Shoes,Adidas,₹7 199.50,"₹11 999.00 
-40%
Discount"
https://www.adidas.co.inhttps://www.adidas.co.in/cloudfoam-move-sock-shoes/ID6524.html,Cloudfoam Move Sock Shoes,Adidas,₹3 599.50,"₹5 999.00 
-40%
Discount"
https://www.adidas.co.inhttps://www.adidas.co.in/supernova-rise-2-running-shoes/JR0581.html,Supernova Rise 2 Running Shoes,Adidas,₹8 999.50,"₹14 999.00 
-40%
Discount"
https://www.adidas.co.inhttps://www.adidas.co.in/response-runner-shoes/JQ2543.html,Response Runner Shoes,Adidas,₹3 359.50,"₹5 599.00 
-40%
Discount"
https://www.adidas.co.inhttps://www.adidas.co.in/cloudfoam-comfy-shoes/IH2974.html,Cloudfoam Comfy Shoes,Adidas,N/A,N/A
https://www.adidas.co.inhttps://www.adidas.co.in/questar-3-running-shoes/JQ5069.html,Questar 3 Running Shoes,Adidas,₹4 799.50,"₹7 999.00 
-40%
Discount"
https://www.adidas.co.inhttps://www.adidas.co.in/zero-halo-shoes/JS4257.html,Zero Halo Shoes,Adidas,₹4 559.50,"₹7 599.00 
-40%
Discount"
https://www.adidas.co.inhttps://www.adidas.co.in/lightblaze-shoes/JS4256.html,Lightblaze Shoes,Adidas,₹5 999.50,"₹9 999.00 
-40%
Discount"
https://www.adidas.co.inhttps://www.adidas.co.in/adidas-by-stella-mccartney-clogs/GW2050.html,adidas by Stella McCartney Clogs,Adidas,₹11 899.50,"₹16 999.00 
-30%
Discount"
https://www.adidas.co.inhttps://www.adidas.co.in/supernova-rise-2-running-shoes/JR7688.html,Supernova Rise 2 Running Shoes,Adidas,₹8 999.50,"₹14 999.00 
-40%
Discount"
https://www.adidas.co.inhttps://www.adidas.co.in/response-runner-shoes/JQ2541.html,Response Runner Shoes,Adidas,₹3 359.50,"₹5 599.00 
-40%
Discount"
https://www.adidas.co.inhttps://www.adidas.co.in/gazelle-indoor-shoes/JS1407.html,Gazelle Indoor Shoes,Adidas,₹7 199.50,"₹11 999.00 
-40%
Discount"
https://www.adidas.co.inhttps://www.adidas.co.in/adilette-ayoon-slides/JH9686.html,Adilette Ayoon Slides,Adidas,₹3 499.50,"₹4 999.00 
-30%
Discount"
https://www.adidas.co.inhttps://www.adidas.co.in/predator-league-firm-multi-ground-boots/JI1118.html,Predator League Firm/Multi-Ground Boots,Adidas,₹5 399.50,"₹8 999.00 
-40%
Discount"
https://www.adidas.co.inhttps://www.adidas.co.in/response-runner-shoes/IH6102.html,Response Runner Shoes,Adidas,₹3 359.50,"₹5 599.00 
-40%
Discount"
https://www.adidas.co.inhttps://www.adidas.co.in/run-60s-3.0-shoes/IE3806.html,Run 60s 3.0 Shoes,Adidas,N/A,N/A
https://www.adidas.co.inhttps://www.adidas.co.in/cloudfoam-move-lounger-shoes/ID6516.html,Cloudfoam Move Lounger Shoes,Adidas,₹3 919.50,"₹5 599.00 
-30%
Discount"
https://www.adidas.co.inhttps://www.adidas.co.in/mercedes---amg-petronas-formula-one-team-barreda-decode-shoes/JR1063.html,MERCEDES - AMG PETRONAS FORMULA ONE TEAM BARREDA DECODE SHOES,Adidas,₹5 399.50,"₹8 999.00 
-40%
Discount"
https://www.adidas.co.inhttps://www.adidas.co.in/adilette-shower-slides/JI4773.html,Adilette Shower Slides,Adidas,₹1 799.50,"₹2 999.00 
-40%
Discount"
https://www.adidas.co.inhttps://www.adidas.co.in/aero-sprint-spark-shoes/JK7557.html,Aero Sprint Spark Shoes,Adidas,₹2 879.50,"₹4 799.00 
-40%
Discount"
https://www.adidas.co.inhttps://www.adidas.co.in/superstar-ii-shoes/JQ3209.html,Superstar II Shoes,Adidas,₹7 199.50,"₹11 999.00 
-40%
Discount"
https://www.adidas.co.inhttps://www.adidas.co.in/superstar-ii-shoes/JH5469.html,Superstar II Shoes,Adidas,₹7 199.50,"₹11 999.00 
-40%
Discount"
https://www.adidas.co.inhttps://www.adidas.co.in/switch-move-running-shoes/IG1761.html,Switch Move Running Shoes,Adidas,₹3 599.50,"₹5 999.00 
-40%
Discount"
https://www.adidas.co.inhttps://www.adidas.co.in/breezen-sandals/JK8100.html,BREEZEN Sandals,Adidas,₹1 799.50,"₹2 999.00 
-40%
Discount"
https://www.adidas.co.inhttps://www.adidas.co.in/ablaze-grand-tennis-shoes/JK7108.html,ABLAZE GRAND Tennis Shoes,Adidas,₹3 359.50,"₹5 599.00 
-40%
Discount"
https://www.adidas.co.inhttps://www.adidas.co.in/aquo-slip-on-slides/JK8071.html,Aquo Slip On Slides,Adidas,₹959.50,"₹1 599.00 
-40%
Discount"
https://www.adidas.co.inhttps://www.adidas.co.in/duramo-rc2-running-shoes/JR3236.html,Duramo RC2 Running Shoes,Adidas,₹3 919.50,"₹5 599.00 
-30%
Discount"
https://www.adidas.co.inhttps://www.adidas.co.in/switch-move-running-shoes/ID8332.html,Switch Move Running Shoes,Adidas,₹3 599.50,"₹5 999.00 
-40%
Discount"
https://www.adidas.co.inhttps://www.adidas.co.in/copa-pure-3-club-turf-boots/JR2893.html,Copa Pure 3 Club Turf Boots,Adidas,₹3 359.50,"₹5 599.00 
-40%
Discount"
https://www.adidas.co.inhttps://www.adidas.co.in/cloudfoam-walk-lounger-shoes/ID4060.html,Cloudfoam Walk Lounger Shoes,Adidas,₹4 899.50,"₹6 999.00 
-30%
Discount"
https://www.adidas.co.inhttps://www.adidas.co.in/adilette-shower-slides/JI4760.html,Adilette Shower Slides,Adidas,₹2 099.50,"₹2 999.00 
-30%
Discount"
https://www.adidas.co.inhttps://www.adidas.co.in/tennis-top-shoes/JK7104.html,Tennis Top Shoes,Adidas,₹2 999.50,"₹4 999.00 
-40%
Discount"
https://www.adidas.co.inhttps://www.adidas.co.in/adilette-shower-slides/JS3566.html,Adilette Shower Slides,Adidas,₹2 099.50,"₹2 999.00 
-30%
Discount"
https://www.adidas.co.inhttps://www.adidas.co.in/ablaze-grand-tennis-shoes/JK7107.html,ABLAZE GRAND Tennis Shoes,Adidas,₹3 359.50,"₹5 599.00 
-40%
Discount"
https://www.adidas.co.inhttps://www.adidas.co.in/air-roll-stroll-shoes/JK3808.html,Air-Roll Stroll Shoes,Adidas,₹2 159.50,"₹3 599.00 
-40%
Discount"
https://www.adidas.co.inhttps://www.adidas.co.in/tennis-wiz-shoes/JK1203.html,Tennis Wiz Shoes,Adidas,₹2 879.50,"₹4 799.00 
-40%
Discount"
https://www.adidas.co.inhttps://www.adidas.co.in/ultraboost-1.0-shoes/JQ0829.html,Ultraboost 1.0 Shoes,Adidas,₹10 799.50,"₹17 999.00 
-40%
Discount"
https://www.adidas.co.inhttps://www.adidas.co.in/cloudfoam-move-sock-shoes/JH7175.html,Cloudfoam Move Sock Shoes,Adidas,₹4 199.50,"₹5 999.00 
-30%
Discount"
https://www.adidas.co.inhttps://www.adidas.co.in/mercedes---amg-petronas-formula-one-team-lightblaze-shoes/JQ7130.html,Mercedes - AMG Petronas Formula One Team Lightblaze Shoes,Adidas,₹6 599.50,"₹10 999.00 
-40%
Discount"
https://www.adidas.co.inhttps://www.adidas.co.in/superstar-ii-shoes/JQ4728.html,Superstar II Shoes,Adidas,₹5 999.50,"₹9 999.00 
-40%
Discount"
https://www.adidas.co.inhttps://www.adidas.co.in/superstar-ii-shoes/JI0124.html,Superstar II Shoes,Adidas,₹7 799.50,"₹12 999.00 
-40%
Discount"
https://www.adidas.co.inhttps://www.adidas.co.in/supernova-rise-2-running-shoes/IH8664.html,Supernova Rise 2 Running Shoes,Adidas,₹8 999.50,"₹14 999.00 
-40%
Discount"
https://www.adidas.co.inhttps://www.adidas.co.in/ultraboost-1.0-shoes/JR9513.html,Ultraboost 1.0 Shoes,Adidas,₹10 799.50,"₹17 999.00 
-40%
Discount"
https://www.adidas.co.inhttps://www.adidas.co.in/courtjam-control-3-premium-tennis-shoes/JP7277.html,Courtjam Control 3 Premium Tennis Shoes,Adidas,₹5 999.50,"₹9 999.00 
-40%
Discount"
https://www.adidas.co.inhttps://www.adidas.co.in/grand-court-td-lifestyle-court-casual-shoes/GW9262.html,Grand Court TD Lifestyle Court Casual Shoes,Adidas,₹3 959.50,"₹6 599.00 
-40%
Discount"
https://www.adidas.co.inhttps://www.adidas.co.in/ultimashow-2.0-shoes/IH0326.html,Ultimashow 2.0 Shoes,Adidas,₹3 599.50,"₹5 999.00 
-40%
Discount"
https://www.adidas.co.inhttps://www.adidas.co.in/mercedes---amg-petronas-formula-one-team-lightblaze-shoes/JQ7131.html,Mercedes - AMG Petronas Formula One Team Lightblaze Shoes,Adidas,₹6 599.50,"₹10 999.00 
-40%
Discount"
https://www.adidas.co.inhttps://www.adidas.co.in/lightshift-shoes/JS4272.html,Lightshift Shoes,Adidas,₹4 559.50,"₹7 599.00 
-40%
Discount"
https://www.adidas.co.inhttps://www.adidas.co.in/rivalry-low-shoes/GX2272.html,Rivalry Low Shoes,Adidas,₹5 999.50,"₹9 999.00 
-40%
Discount"
https://www.adidas.co.inhttps://www.adidas.co.in/forum-low-cl-shoes/JR0498.html,Forum Low CL Shoes,Adidas,₹7 199.50,"₹11 999.00 
-40%
Discount"
https://www.adidas.co.inhttps://www.adidas.co.in/gamecourt-2.0-tennis-shoes/JP7723.html,Gamecourt 2.0 Tennis Shoes,Adidas,₹4 199.50,"₹6 999.00 
-40%
Discount"
https://www.adidas.co.inhttps://www.adidas.co.in/avaflash-low-tennis-shoes/IH0511.html,Avaflash Low Tennis Shoes,Adidas,₹5 399.50,"₹8 999.00 
-40%
Discount"
https://www.adidas.co.inhttps://www.adidas.co.in/grand-court-2.0-shoes/ID2978.html,GRAND COURT 2.0 SHOES,Adidas,₹5 599.50,"₹7 999.00 
-30%
Discount"
https://www.adidas.co.inhttps://www.adidas.co.in/galaxy-7-running-shoes/JQ2606.html,Galaxy 7 Running Shoes,Adidas,₹3 599.50,"₹5 999.00 
-40%
Discount"
https://www.adidas.co.inhttps://www.adidas.co.in/grand-court-2.0-shoes/GW9217.html,GRAND COURT 2.0 SHOES,Adidas,₹5 599.50,"₹7 999.00 
-30%
Discount"
https://www.adidas.co.inhttps://www.adidas.co.in/superstar-ii-shoes/JR1632.html,Superstar II Shoes,Adidas,₹5 999.50,"₹9 999.00 
-40%
Discount"
https://www.adidas.co.inhttps://www.adidas.co.in/superstar-ii-shoes/JQ3184.html,Superstar II Shoes,Adidas,₹7 199.50,"₹11 999.00 
-40%
Discount"
https://www.adidas.co.inhttps://www.adidas.co.in/adilette-shower-slides/GW8747.html,Adilette Shower Slides,Adidas,₹2 099.50,"₹2 999.00 
-30%
Discount"
https://www.adidas.co.inhttps://www.adidas.co.in/city-rnr-shoes/JI0836.html,City RNR Shoes,Adidas,₹6 999.50,"₹9 999.00 
-30%
Discount"
https://www.adidas.co.inhttps://www.adidas.co.in/superstar-ii-shoes/JQ3176.html,Superstar II Shoes,Adidas,₹5 999.50,"₹9 999.00 
-40%
Discount"
https://www.adidas.co.inhttps://www.adidas.co.in/mercedes---amg-petronas-formula-one-team-adilette-comfort-slides/JR1071.html,MERCEDES - AMG PETRONAS FORMULA ONE TEAM ADILETTE COMFORT SLIDES,Adidas,₹3 359.50,"₹5 599.00 
-40%
Discount"
https://www.adidas.co.inhttps://www.adidas.co.in/cloudfoam-pure-2.0-shoes/H04753.html,Cloudfoam Pure 2.0 Shoes,Adidas,₹4 799.50,"₹7 999.00 
-40%
Discount"
https://www.adidas.co.inhttps://www.adidas.co.in/dropset-3-training-shoes/JR1675.html,Dropset 3 Training Shoes,Adidas,₹7 799.50,"₹12 999.00 
-40%
Discount"
https://www.adidas.co.inhttps://www.adidas.co.in/supernova-rise-2-running-shoes/JQ7690.html,Supernova Rise 2 Running Shoes,Adidas,₹8 999.50,"₹14 999.00 
-40%
Discount"
https://www.adidas.co.inhttps://www.adidas.co.in/sl-72-rs-shoes/IH7912.html,SL 72 RS Shoes,Adidas,₹5 999.50,"₹9 999.00 
-40%
Discount"
https://www.adidas.co.inhttps://www.adidas.co.in/adizero-sl2-running-shoes/IF6770.html,Adizero SL2 Running Shoes,Adidas,₹8 399.50,"₹11 999.00 
-30%
Discount"
https://www.adidas.co.inhttps://www.adidas.co.in/adilette-shower-slides/JR9231.html,Adilette Shower Slides,Adidas,₹2 099.50,"₹2 999.00 
-30%
Discount"
https://www.adidas.co.inhttps://www.adidas.co.in/breaknet-2.0-shoes/ID0471.html,Breaknet 2.0 Shoes,Adidas,₹3 599.50,"₹5 999.00 
-40%
Discount"
https://www.adidas.co.inhttps://www.adidas.co.in/supernova-ease-shoes/JQ2510.html,Supernova Ease Shoes,Adidas,₹5 999.50,"₹9 999.00 
-40%
Discount"
https://www.adidas.co.inhttps://www.adidas.co.in/adilette-lite-slides/IE2991.html,Adilette Lite Slides,Adidas,₹1 979.50,"₹3 299.00 
-40%
Discount"
https://www.adidas.co.inhttps://www.adidas.co.in/superstar-ii-shoes/JH5470.html,Superstar II Shoes,Adidas,₹7 199.50,"₹11 999.00 
-40%
Discount"
https://www.adidas.co.inhttps://www.adidas.co.in/rivalry-lux-low-shoes/IF7184.html,Rivalry Lux Low Shoes,Adidas,₹7 699.50,"₹10 999.00 
-30%
Discount"
https://www.adidas.co.inhttps://www.adidas.co.in/response-runner-shoes/IH6106.html,Response Runner Shoes,Adidas,₹3 359.50,"₹5 599.00 
-40%
Discount"
https://www.adidas.co.inhttps://www.adidas.co.in/stan-smith-shoes/B24105.html,Stan Smith Shoes,Adidas,₹5 399.50,"₹8 999.00 
-40%
Discount"
https://www.adidas.co.inhttps://www.adidas.co.in/runfalcon-5-running-shoes/JR3089.html,Runfalcon 5 Running Shoes,Adidas,₹3 959.50,"₹6 599.00 
-40%
Discount"
https://www.adidas.co.inhttps://www.adidas.co.in/cloudfoam-go-lounger-shoes/ID4024.html,Cloudfoam Go Lounger Shoes,Adidas,₹3 599.50,"₹5 999.00 
-40%
Discount"
https://www.adidas.co.inhttps://www.adidas.co.in/sl-72-rs-shoes/IH4823.html,SL 72 RS Shoes,Adidas,₹5 999.50,"₹9 999.00 
-40%
Discount"
https://www.adidas.co.inhttps://www.adidas.co.in/adilette-lite-slides/GZ6198.html,Adilette Lite Slides,Adidas,₹1 799.50,"₹2 999.00 
-40%
Discount"
https://www.adidas.co.inhttps://www.adidas.co.in/chase-pro-shoes/IQ8886.html,CHASE PRO SHOES,Adidas,₹1 200.00,"₹3 999.00 
-70%
Discount"
https://www.adidas.co.inhttps://www.adidas.co.in/response-super-shoes/JQ2521.html,Response Super Shoes,Adidas,₹5 399.50,"₹8 999.00 
-40%
Discount"
https://www.adidas.co.inhttps://www.adidas.co.in/kinkox-2.0-sandals/JK8105.html,Kinkox 2.0 Sandals,Adidas,₹1 749.50,"₹2 499.00 
-30%
Discount"
https://www.adidas.co.inhttps://www.adidas.co.in/runmet-shoes/JK1233.html,Runmet Shoes,Adidas,₹3 599.50,"₹5 999.00 
-40%
Discount"
https://www.adidas.co.inhttps://www.adidas.co.in/run-60s-3.0-ikd-shoes/JL2236.html,Run 60s 3.0 IKD Shoes,Adidas,₹3 599.50,"₹5 999.00 
-40%
Discount"
https://www.adidas.co.inhttps://www.adidas.co.in/air-roll-stroll-shoes/JK3809.html,Air-Roll Stroll Shoes,Adidas,₹2 159.50,"₹3 599.00 
-40%
Discount"
https://www.adidas.co.inhttps://www.adidas.co.in/cloudfoam-shower-flip-flops/EY3079.html,CLOUDFOAM SHOWER Flip Flops,Adidas,₹600.00,"₹1 999.00 
-70%
Discount"
https://www.adidas.co.inhttps://www.adidas.co.in/adilette-comfort-ikd-slides/JL1719.html,Adilette Comfort IKD Slides,Adidas,₹3 219.50,"₹4 599.00 
-30%
Discount"
https://www.adidas.co.inhttps://www.adidas.co.in/air-roll-stroll-shoes/JK3811.html,Air-Roll Stroll Shoes,Adidas,₹2 159.50,"₹3 599.00 
-40%
Discount"
https://www.adidas.co.inhttps://www.adidas.co.in/dash-smooth-shoes/JK0873.html,Dash-Smooth Shoes,Adidas,₹2 999.50,"₹4 999.00 
-40%
Discount"
https://www.adidas.co.inhttps://www.adidas.co.in/aquo-slip-on-slides/JJ5203.html,Aquo Slip On Slides,Adidas,N/A,N/A
https://www.adidas.co.inhttps://www.adidas.co.in/acteve-comfort-on-slides/JJ5193.html,Acteve Comfort On Slides,Adidas,N/A,N/A
https://www.adidas.co.inhttps://www.adidas.co.in/response-runner-shoes/IH6103.html,Response Runner Shoes,Adidas,₹3 359.50,"₹5 599.00 
-40%
Discount"
https://www.adidas.co.inhttps://www.adidas.co.in/grand-court-2.0-shoes/IG9247.html,GRAND COURT 2.0 SHOES,Adidas,₹4 799.50,"₹7 999.00 
-40%
Discount"
https://www.adidas.co.inhttps://www.adidas.co.in/ultrarun-5-w-running-shoes/JI3391.html,Ultrarun 5 W Running Shoes,Adidas,₹4 799.50,"₹7 999.00 
-40%
Discount"
https://www.adidas.co.inhttps://www.adidas.co.in/duramo-sl-shoes/IF9474.html,Duramo SL Shoes,Adidas,₹3 959.50,"₹6 599.00 
-40%
Discount"
https://www.adidas.co.inhttps://www.adidas.co.in/duramo-sl-wide-running-lightmotion-shoes/IG0310.html,Duramo SL Wide Running Lightmotion Shoes,Adidas,₹3 959.50,"₹6 599.00 
-40%
Discount"
https://www.adidas.co.inhttps://www.adidas.co.in/dropset-3-training-shoes/JR1670.html,Dropset 3 Training Shoes,Adidas,₹7 799.50,"₹12 999.00 
-40%
Discount"
https://www.adidas.co.inhttps://www.adidas.co.in/runfalcon-3.0-shoes/HP7556.html,Runfalcon 3.0 Shoes,Adidas,₹3 959.50,"₹6 599.00 
-40%
Discount"
https://www.adidas.co.inhttps://www.adidas.co.in/supernova-ease-shoes/JQ2505.html,Supernova Ease Shoes,Adidas,₹5 999.50,"₹9 999.00 
-40%
Discount"
https://www.adidas.co.inhttps://www.adidas.co.in/grand-court-td-lifestyle-court-casual-shoes/GW9261.html,Grand Court TD Lifestyle Court Casual Shoes,Adidas,₹3 959.50,"₹6 599.00 
-40%
Discount"
https://www.adidas.co.inhttps://www.adidas.co.in/adilette-aqua-slides/JI1405.html,Adilette Aqua Slides,Adidas,N/A,N/A
https://www.adidas.co.inhttps://www.adidas.co.in/amalgo-shoes/IQ8842.html,AMALGO SHOES,Adidas,₹2 999.50,"₹4 999.00 
-40%
Discount"
https://www.adidas.co.inhttps://www.adidas.co.in/f50-club-indoor-boots/IE1221.html,F50 Club Indoor Boots,Adidas,₹3 599.50,"₹5 999.00 
-40%
Discount"
https://www.adidas.co.inhttps://www.adidas.co.in/adilette-aqua-slides/EG4160.html,Adilette Aqua Slides,Adidas,N/A,N/A
https://www.adidas.co.inhttps://www.adidas.co.in/blazezap-shoes/JK7447.html,BlazeZap Shoes,Adidas,₹2 759.50,"₹4 599.00 
-40%
Discount"
https://www.adidas.co.inhttps://www.adidas.co.in/duramo-rc-shoes/JL2638.html,Duramo RC Shoes,Adidas,₹3 359.50,"₹5 599.00 
-40%
Discount"
https://www.adidas.co.inhttps://www.adidas.co.in/breaknet-sleek-ikd-shoes/JL2219.html,Breaknet Sleek IKD Shoes,Adidas,₹3 599.50,"₹5 999.00 
-40%
Discount"
https://www.adidas.co.inhttps://www.adidas.co.in/cush-walk-shoes/JK8187.html,Cush Walk Shoes,Adidas,₹2 399.50,"₹3 999.00 
-40%
Discount"
https://www.adidas.co.inhttps://www.adidas.co.in/blazezap-shoes/JK7449.html,BlazeZap Shoes,Adidas,₹3 219.50,"₹4 599.00 
-30%
Discount"
https://www.adidas.co.inhttps://www.adidas.co.in/pod-active-shoes/JK1115.html,Pod-Active Shoes,Adidas,₹2 279.50,"₹3 799.00 
-40%
Discount"
https://www.adidas.co.inhttps://www.adidas.co.in/amalgo-shoes/IQ8844.html,AMALGO SHOES,Adidas,₹2 759.50,"₹4 599.00 
-40%
Discount"
https://www.adidas.co.inhttps://www.adidas.co.in/breezewalk-shoes/GC0553.html,BREEZEWALK SHOES,Adidas,₹1 799.50,"₹2 999.00 
-40%
Discount"
https://www.adidas.co.inhttps://www.adidas.co.in/adifom-iiinfinity-slides/JI0397.html,Adifom Iiinfinity Slides,Adidas,₹2 759.50,"₹4 599.00 
-40%
Discount"
https://www.adidas.co.inhttps://www.adidas.co.in/drop-step-low-2.0-ikd-shoes/KK6401.html,Drop Step Low 2.0 IKD Shoes,Adidas,₹4 799.50,"₹7 999.00 
-40%
Discount"
https://www.adidas.co.inhttps://www.adidas.co.in/mercedes---amg-petronas-formula-one-team-adilette-comfort-slides/JR1070.html,MERCEDES - AMG PETRONAS FORMULA ONE TEAM ADILETTE COMFORT SLIDES,Adidas,₹3 359.50,"₹5 599.00 
-40%
Discount"
https://www.adidas.co.inhttps://www.adidas.co.in/copa-pure-3-league-firm-multi-ground-boots/ID9052.html,Copa Pure 3 League Firm/Multi-Ground Boots,Adidas,₹5 159.50,"₹8 599.00 
-40%
Discount"
https://www.adidas.co.inhttps://www.adidas.co.in/ultraboost-light-shoes/GZ5166.html,Ultraboost Light Shoes,Adidas,₹7 600.00,"₹18 999.00 
-60%
Discount"
https://www.adidas.co.inhttps://www.adidas.co.in/stan-smith-shoes/FX5499.html,Stan Smith Shoes,Adidas,₹2 700.00,"₹8 999.00 
-70%
Discount"
https://www.adidas.co.inhttps://www.adidas.co.in/dropset-3-training-shoes/ID8628.html,Dropset 3 Training Shoes,Adidas,₹7 799.50,"₹12 999.00 
-40%
Discount"
https://www.adidas.co.inhttps://www.adidas.co.in/cloudfoam-go-sock-shoes/JS1206.html,Cloudfoam Go Sock Shoes,Adidas,₹4 199.50,"₹6 999.00 
-40%
Discount"
https://www.adidas.co.inhttps://www.adidas.co.in/flowboost-shoes/JR7933.html,Flowboost Shoes,Adidas,₹6 599.50,"₹10 999.00 
-40%
Discount"
https://www.adidas.co.inhttps://www.adidas.co.in/cloudfoam-move-sock-shoes/JI4837.html,Cloudfoam Move Sock Shoes,Adidas,N/A,N/A
https://www.adidas.co.inhttps://www.adidas.co.in/superstar-ii-shoes/JQ4729.html,Superstar II Shoes,Adidas,₹5 999.50,"₹9 999.00 
-40%
Discount"
https://www.adidas.co.inhttps://www.adidas.co.in/astir-shoes/IH3637.html,Astir Shoes,Adidas,₹4 499.50,"₹8 999.00 
-50%
Discount"
https://www.adidas.co.inhttps://www.adidas.co.in/pureboost-5-running-shoes/IF9203.html,Pureboost 5 Running Shoes,Adidas,₹9 099.50,"₹12 999.00 
-30%
Discount"
https://www.adidas.co.inhttps://www.adidas.co.in/grand-court-2.0-shoes/ID4478.html,GRAND COURT 2.0 SHOES,Adidas,₹4 799.50,"₹7 999.00 
-40%
Discount"
https://www.adidas.co.inhttps://www.adidas.co.in/break-start-shoes/IH7963.html,Break Start Shoes,Adidas,₹3 599.50,"₹5 999.00 
-40%
Discount"
https://www.adidas.co.inhttps://www.adidas.co.in/rivalry-lux-low-shoes/ID3950.html,Rivalry Lux Low Shoes,Adidas,₹7 699.50,"₹10 999.00 
-30%
Discount"
https://www.adidas.co.inhttps://www.adidas.co.in/treadmove-running-shoes/JR5853.html,Treadmove Running Shoes,Adidas,₹3 359.50,"₹5 599.00 
-40%
Discount"
https://www.adidas.co.inhttps://www.adidas.co.in/lite-racer-cln-2.0-shoes/GZ0667.html,LITE RACER CLN 2.0 SHOES,Adidas,₹2 999.50,"₹5 999.00 
-50%
Discount"
https://www.adidas.co.inhttps://www.adidas.co.in/avaflash-low-tennis-shoes/IG9540.html,Avaflash Low Tennis Shoes,Adidas,₹5 399.50,"₹8 999.00 
-40%
Discount"
https://www.adidas.co.inhttps://www.adidas.co.in/run50s-ikd-running-shoes/JK1817.html,Run50s IKD Running Shoes,Adidas,₹1 500.00,"₹4 999.00 
-70%
Discount"
https://www.adidas.co.inhttps://www.adidas.co.in/response-super-shoes/JI4230.html,Response Super Shoes,Adidas,₹5 399.50,"₹8 999.00 
-40%
Discount"
https://www.adidas.co.inhttps://www.adidas.co.in/tennis-top-shoes/JK7103.html,Tennis Top Shoes,Adidas,₹2 999.50,"₹4 999.00 
-40%
Discount"
https://www.adidas.co.inhttps://www.adidas.co.in/dash-flow-shoes/JK0851.html,Dash-Flow Shoes,Adidas,₹2 999.50,"₹4 999.00 
-40%
Discount"
https://www.adidas.co.inhttps://www.adidas.co.in/triumph-cricket-shoes/JK0168.html,Triumph Cricket Shoes,Adidas,₹2 759.50,"₹4 599.00 
-40%
Discount"
https://www.adidas.co.inhttps://www.adidas.co.in/aquo-slip-on-slides/JK8069.html,Aquo Slip On Slides,Adidas,₹959.50,"₹1 599.00 
-40%
Discount"
https://www.adidas.co.inhttps://www.adidas.co.in/velocity-grand-shoes/JK1217.html,Velocity Grand Shoes,Adidas,₹2 399.50,"₹3 999.00 
-40%
Discount"
https://www.adidas.co.inhttps://www.adidas.co.in/tennis-top-shoes/JK1202.html,Tennis Top Shoes,Adidas,₹2 999.50,"₹4 999.00 
-40%
Discount"
https://www.adidas.co.inhttps://www.adidas.co.in/nu23-cricket-shoes/JK0170.html,NU23 Cricket Shoes,Adidas,N/A,N/A
https://www.adidas.co.inhttps://www.adidas.co.in/dropset-2-training-shoes/IE8050.html,Dropset 2 Training Shoes,Adidas,₹7 799.50,"₹12 999.00 
-40%
Discount"
https://www.adidas.co.inhttps://www.adidas.co.in/adidas-by-stella-mccartney-ultraboost-5-shoes/IE8771.html,adidas by Stella McCartney Ultraboost 5 Shoes,Adidas,₹16 199.50,"₹26 999.00 
-40%
Discount"
https://www.adidas.co.inhttps://www.adidas.co.in/copa-pure-3-club-firm-multi-ground-boots/JR2897.html,Copa Pure 3 Club Firm/Multi-Ground Boots,Adidas,₹3 359.50,"₹5 599.00 
-40%
Discount"
https://www.adidas.co.inhttps://www.adidas.co.in/response-runner-shoes/IH3581.html,Response Runner Shoes,Adidas,₹1 680.00,"₹5 599.00 
-70%
Discount"
https://www.adidas.co.inhttps://www.adidas.co.in/response-runner-shoes/ID7336.html,Response Runner Shoes,Adidas,N/A,N/A
https://www.adidas.co.inhttps://www.adidas.co.in/adilette-aqua-slides/FY8048.html,Adilette Aqua Slides,Adidas,₹1 399.50,"₹1 999.00 
-30%
Discount"
https://www.adidas.co.inhttps://www.adidas.co.in/sl-72-og-shoes/IH0290.html,SL 72 OG Shoes,Adidas,₹5 999.50,"₹9 999.00 
-40%
Discount"
https://www.adidas.co.inhttps://www.adidas.co.in/stan-smith-shoes/EE8836.html,Stan Smith Shoes,Adidas,₹5 399.50,"₹8 999.00 
-40%
Discount"
https://www.adidas.co.inhttps://www.adidas.co.in/rivalry-lux-low-shoes/IF7185.html,Rivalry Lux Low Shoes,Adidas,₹6 599.50,"₹10 999.00 
-40%
Discount"
https://www.adidas.co.inhttps://www.adidas.co.in/drop-step-low-2.0-ikd-shoes/KK6399.html,Drop Step Low 2.0 IKD Shoes,Adidas,₹4 799.50,"₹7 999.00 
-40%
Discount"
https://www.adidas.co.inhttps://www.adidas.co.in/adilette-ayoon-slides/JH9685.html,Adilette Ayoon Slides,Adidas,₹2 999.50,"₹4 999.00 
-40%
Discount"
https://www.adidas.co.inhttps://www.adidas.co.in/nmd_r1-shoes/GW5698.html,NMD_R1 Shoes,Adidas,₹5 200.00,"₹12 999.00 
-60%
Discount"
https://www.adidas.co.inhttps://www.adidas.co.in/supernova-stride-running-shoes/IE4624.html,Supernova Stride Running Shoes,Adidas,₹7 199.50,"₹11 999.00 
-40%
Discount"
https://www.adidas.co.inhttps://www.adidas.co.in/cloudfoam-comfy-shoes/IH6048.html,Cloudfoam Comfy Shoes,Adidas,₹2 999.50,"₹5 999.00 
-50%
Discount"
https://www.adidas.co.inhttps://www.adidas.co.in/run-falcon-2.0-shoes/GV9571.html,Run Falcon 2.0 Shoes,Adidas,₹3 959.50,"₹6 599.00 
-40%
Discount"
https://www.adidas.co.inhttps://www.adidas.co.in/cloudfoam-comfy-shoes/IH6049.html,Cloudfoam Comfy Shoes,Adidas,₹2 999.50,"₹5 999.00 
-50%
Discount"
https://www.adidas.co.inhttps://www.adidas.co.in/lite-racer-4.0-shoes/IE8563.html,Lite Racer 4.0 Shoes,Adidas,₹3 359.50,"₹5 599.00 
-40%
Discount"
https://www.adidas.co.inhttps://www.adidas.co.in/ultrabounce-shoes/HP5787.html,Ultrabounce Shoes,Adidas,₹3 999.50,"₹7 999.00 
-50%
Discount"
https://www.adidas.co.inhttps://www.adidas.co.in/ultrarun-5-w-running-shoes/JH6035.html,Ultrarun 5 W Running Shoes,Adidas,₹4 799.50,"₹7 999.00 
-40%
Discount"
https://www.adidas.co.inhttps://www.adidas.co.in/galaxy-star-shoes/IF5403.html,Galaxy Star Shoes,Adidas,₹3 040.00,"₹7 599.00 
-60%
Discount"
https://www.adidas.co.inhttps://www.adidas.co.in/galaxy-7-running-shoes/ID8767.html,Galaxy 7 Running Shoes,Adidas,₹4 199.50,"₹5 999.00 
-30%
Discount"
https://www.adidas.co.inhttps://www.adidas.co.in/ultraboost-5-shoes---digital-camo/JI1521.html,Ultraboost 5 Shoes - Digital Camo,Adidas,₹10 799.50,"₹17 999.00 
-40%
Discount"
https://www.adidas.co.inhttps://www.adidas.co.in/forum-low-cl-shoes/IH7914.html,Forum Low CL Shoes,Adidas,₹7 699.50,"₹10 999.00 
-30%
Discount"
https://www.adidas.co.inhttps://www.adidas.co.in/response-super-shoes/JQ2520.html,Response Super Shoes,Adidas,₹5 399.50,"₹8 999.00 
-40%
Discount"
https://www.adidas.co.inhttps://www.adidas.co.in/switch-run-running-shoes/IF9333.html,Switch Run Running Shoes,Adidas,N/A,N/A
https://www.adidas.co.inhttps://www.adidas.co.in/adidas-switch-fwd-2-running-shoes/IF9185.html,adidas Switch Fwd 2 Running Shoes,Adidas,₹8 399.50,"₹13 999.00 
-40%
Discount"
https://www.adidas.co.inhttps://www.adidas.co.in/adilette-comfort-slides/IF1927.html,Adilette Comfort Slides,Adidas,₹2 759.50,"₹4 599.00 
-40%
Discount"
https://www.adidas.co.inhttps://www.adidas.co.in/adilette-shower-slides/GW8751.html,Adilette Shower Slides,Adidas,₹1 799.50,"₹2 999.00 
-40%
Discount"
https://www.adidas.co.inhttps://www.adidas.co.in/stan-smith-lux-shoes/IF8844.html,Stan Smith Lux Shoes,Adidas,₹8 999.50,"₹14 999.00 
-40%
Discount"
https://www.adidas.co.inhttps://www.adidas.co.in/adifom-iiinfinity-mules/JI0402.html,Adifom IIInfinity Mules,Adidas,₹3 499.50,"₹4 999.00 
-30%
Discount"
https://www.adidas.co.inhttps://www.adidas.co.in/adidas-by-stella-mccartney-court-shoes/HQ8675.html,adidas by Stella McCartney Court Shoes,Adidas,₹6 400.00,"₹15 999.00 
-60%
Discount"
https://www.adidas.co.inhttps://www.adidas.co.in/response-runner-shoes/IH3580.html,Response Runner Shoes,Adidas,₹1 680.00,"₹5 599.00 
-70%
Discount"
https://www.adidas.co.inhttps://www.adidas.co.in/x_plr-pulse-shoes/IE8475.html,X_PLR Pulse Shoes,Adidas,₹2 999.50,"₹5 999.00 
-50%
Discount"
https://www.adidas.co.inhttps://www.adidas.co.in/x_plr-pulse-shoes/IE8473.html,X_PLR Pulse Shoes,Adidas,₹1 800.00,"₹5 999.00 
-70%
Discount"
https://www.adidas.co.inhttps://www.adidas.co.in/switch-move-running-shoes/ID8328.html,Switch Move Running Shoes,Adidas,₹2 400.00,"₹5 999.00 
-60%
Discount"
https://www.adidas.co.inhttps://www.adidas.co.in/break-start-shoes/JS3380.html,Break Start Shoes,Adidas,₹3 599.50,"₹5 999.00 
-40%
Discount"
https://www.adidas.co.inhttps://www.adidas.co.in/gazelle-shoes/IE3692.html,Gazelle Shoes,Adidas,₹6 599.50,"₹10 999.00 
-40%
Discount"
https://www.adidas.co.inhttps://www.adidas.co.in/rivalry-low-lux-shoes/IH0255.html,Rivalry Low Lux Shoes,Adidas,₹6 599.50,"₹10 999.00 
-40%
Discount"
